original_folder,new_folder
vin=LE49M0CB0PL035407,0_3000
vin=LE49M0CB0PL035651,0_3001
vin=LE49M0CB0PL035939,0_3002
vin=LE49M0CB0PL036069,0_3003
vin=LE49M0CB0PL036105,0_3004
vin=LE49M0CB0PL036170,0_3005
vin=LE49M0CB0PL036220,0_3006
vin=LE49M0CB0PL036234,0_3007
vin=LE49M0CB0PL036346,0_3008
vin=LE49M0CB0PL036587,0_3009
vin=LE49M0CB0PL036640,0_3010
vin=LE49M0CB0PL036671,0_3011
vin=LE49M0CB0PL036766,0_3012
vin=LE49M0CB0PL036864,0_3013
vin=LE49M0CB0PL037108,0_3014
vin=LE49M0CB0PL037190,0_3015
vin=LE49M0CB0PL037321,0_3016
vin=LE49M0CB0PL037335,0_3017
vin=LE49M0CB0PL037464,0_3018
vin=LE49M0CB0PL037528,0_3019
vin=LE49M0CB0PL037531,0_3020
vin=LE49M0CB0PL037612,0_3021
vin=LE49M0CB0PL037710,0_3022
vin=LE49M0CB0PL037738,0_3023
vin=LE49M0CB0PL037755,0_3024
vin=LE49M0CB0PL037903,0_3025
vin=LE49M0CB0PL037934,0_3026
vin=LE49M0CB0PL038257,0_3027
vin=LE49M0CB0PL038534,0_3028
vin=LE49M0CB0PL038680,0_3029
vin=LE49M0CB0PL038792,0_3030
vin=LE49M0CB0PL038954,0_3031
vin=LE49M0CB0PL038999,0_3032
vin=LE49M0CB0PL039053,0_3033
vin=LE49M0CB0PL039103,0_3034
vin=LE49M0CB0PL039120,0_3035
vin=LE49M0CB0PL039165,0_3036
vin=LE49M0CB0PL039392,0_3037
vin=LE49M0CB0PL039473,0_3038
vin=LE49M0CB0PL039537,0_3039
vin=LE49M0CB0PL039747,0_3040
vin=LE49M0CB0PL039778,0_3041
vin=LE49M0CB0PL039862,0_3042
vin=LE49M0CB0PL040011,0_3043
vin=LE49M0CB0PL040073,0_3044
vin=LE49M0CB0PL040204,0_3045
vin=LE49M0CB0PL040400,0_3046
vin=LE49M0CB0PL040459,0_3047
vin=LE49M0CB0PL040784,0_3048
vin=LE49M0CB0PL040929,0_3049
vin=LE49M0CB0PL041028,0_3050
vin=LE49M0CB0PL041062,0_3051
vin=LE49M0CB0PL041109,0_3052
vin=LE49M0CB0PL041692,0_3053
vin=LE49M0CB0PL042051,0_3054
vin=LE49M0CB0PL042101,0_3055
vin=LE49M0CB0PL042180,0_3056
vin=LE49M0CB0PL042230,0_3057
vin=LE49M0CB0RL041176,0_3058
vin=LE49M0CB1PL034847,0_3059
vin=LE49M0CB1PL035271,0_3060
vin=LE49M0CB1PL035366,0_3061
vin=LE49M0CB1PL035383,0_3062
vin=LE49M0CB1PL035402,0_3063
vin=LE49M0CB1PL035495,0_3064
vin=LE49M0CB1PL035920,0_3065
vin=LE49M0CB1PL035948,0_3066
vin=LE49M0CB1PL035979,0_3067
vin=LE49M0CB1PL036131,0_3068
vin=LE49M0CB1PL036193,0_3069
vin=LE49M0CB1PL036260,0_3070
vin=LE49M0CB1PL036355,0_3071
vin=LE49M0CB1PL036422,0_3072
vin=LE49M0CB1PL036470,0_3073
vin=LE49M0CB1PL036498,0_3074
vin=LE49M0CB1PL036579,0_3075
vin=LE49M0CB1PL036601,0_3076
vin=LE49M0CB1PL036758,0_3077
vin=LE49M0CB1PL036887,0_3078
vin=LE49M0CB1PL036923,0_3079
vin=LE49M0CB1PL037019,0_3080
vin=LE49M0CB1PL037070,0_3081
vin=LE49M0CB1PL037151,0_3082
vin=LE49M0CB1PL037201,0_3083
vin=LE49M0CB1PL037361,0_3084
vin=LE49M0CB1PL037408,0_3085
vin=LE49M0CB1PL037456,0_3086
vin=LE49M0CB1PL038039,0_3087
vin=LE49M0CB1PL038056,0_3088
vin=LE49M0CB1PL038087,0_3089
vin=LE49M0CB1PL038168,0_3090
vin=LE49M0CB1PL038235,0_3091
vin=LE49M0CB1PL038364,0_3092
vin=LE49M0CB1PL038476,0_3093
vin=LE49M0CB1PL038509,0_3094
vin=LE49M0CB1PL038753,0_3095
vin=LE49M0CB1PL038994,0_3096
vin=LE49M0CB1PL039224,0_3097
vin=LE49M0CB1PL039336,0_3098
vin=LE49M0CB1PL039367,0_3099
vin=LE49M0CB1PL039644,0_3100
vin=LE49M0CB1PL039675,0_3101
vin=LE49M0CB1PL039739,0_3102
vin=LE49M0CB1PL039885,0_3103
vin=LE49M0CB1PL039904,0_3104
vin=LE49M0CB1PL040020,0_3105
vin=LE49M0CB1PL040101,0_3106
vin=LE49M0CB1PL040132,0_3107
vin=LE49M0CB1PL040616,0_3108
vin=LE49M0CB1PL040762,0_3109
vin=LE49M0CB1PL040793,0_3110
vin=LE49M0CB1PL041040,0_3111
vin=LE49M0CB1PL042656,0_3112
vin=LE49M0CB1PL042818,0_3113
vin=LE49M0CB2PL035151,0_3114
vin=LE49M0CB2PL035523,0_3115
vin=LE49M0CB2PL035974,0_3116
vin=LE49M0CB2PL036090,0_3117
vin=LE49M0CB2PL036378,0_3118
vin=LE49M0CB2PL036459,0_3119
vin=LE49M0CB2PL036560,0_3120
vin=LE49M0CB2PL036669,0_3121
vin=LE49M0CB2PL036736,0_3122
vin=LE49M0CB2PL036879,0_3123
vin=LE49M0CB2PL036994,0_3124
vin=LE49M0CB2PL037000,0_3125
vin=LE49M0CB2PL037059,0_3126
vin=LE49M0CB2PL037062,0_3127
vin=LE49M0CB2PL037143,0_3128
vin=LE49M0CB2PL037501,0_3129
vin=LE49M0CB2PL037577,0_3130
vin=LE49M0CB2PL037594,0_3131
vin=LE49M0CB2PL037949,0_3132
vin=LE49M0CB2PL038048,0_3133
vin=LE49M0CB2PL038227,0_3134
vin=LE49M0CB2PL038244,0_3135
vin=LE49M0CB2PL038552,0_3136
vin=LE49M0CB2PL038602,0_3137
vin=LE49M0CB2PL038731,0_3138
vin=LE49M0CB2PL038857,0_3139
vin=LE49M0CB2PL039636,0_3140
vin=LE49M0CB2PL039930,0_3141
vin=LE49M0CB2PL040060,0_3142
vin=LE49M0CB2PL040480,0_3143
vin=LE49M0CB2PL040558,0_3144
vin=LE49M0CB2PL040768,0_3145
vin=LE49M0CB2PL040821,0_3146
vin=LE49M0CB2PL040978,0_3147
vin=LE49M0CB2PL041774,0_3148
vin=LE49M0CB2PL042133,0_3149
vin=LE49M0CB3NL033079,0_3150
vin=LE49M0CB3NL033700,0_3151
vin=LE49M0CB3NL033776,0_3152
vin=LE49M0CB3PL034798,0_3153
vin=LE49M0CB3PL035384,0_3154
vin=LE49M0CB3PL035434,0_3155
vin=LE49M0CB3PL035580,0_3156
vin=LE49M0CB3PL035854,0_3157
vin=LE49M0CB3PL035899,0_3158
vin=LE49M0CB3PL035918,0_3159
vin=LE49M0CB3PL035921,0_3160
vin=LE49M0CB3PL036194,0_3161
vin=LE49M0CB3PL036244,0_3162
vin=LE49M0CB3PL036437,0_3163
vin=LE49M0CB3PL036535,0_3164
vin=LE49M0CB3PL036566,0_3165
vin=LE49M0CB3PL036597,0_3166
vin=LE49M0CB3PL036650,0_3167
vin=LE49M0CB3PL036664,0_3168
vin=LE49M0CB3PL036681,0_3169
vin=LE49M0CB3PL036955,0_3170
vin=LE49M0CB3PL037071,0_3171
vin=LE49M0CB3PL037216,0_3172
vin=LE49M0CB3PL037457,0_3173
vin=LE49M0CB3PL037507,0_3174
vin=LE49M0CB3PL037538,0_3175
vin=LE49M0CB3PL037698,0_3176
vin=LE49M0CB3PL037720,0_3177
vin=LE49M0CB3PL037779,0_3178
vin=LE49M0CB3PL037992,0_3179
vin=LE49M0CB3PL038043,0_3180
vin=LE49M0CB3PL038057,0_3181
vin=LE49M0CB3PL038138,0_3182
vin=LE49M0CB3PL038382,0_3183
vin=LE49M0CB3PL038639,0_3184
vin=LE49M0CB3PL039404,0_3185
vin=LE49M0CB3PL039595,0_3186
vin=LE49M0CB3PL039953,0_3187
vin=LE49M0CB3PL040018,0_3188
vin=LE49M0CB3PL040200,0_3189
vin=LE49M0CB3PL040715,0_3190
vin=LE49M0CB3PL041119,0_3191
vin=LE49M0CB3PL041928,0_3192
vin=LE49M0CB3PL042061,0_3193
vin=LE49M0CB3PL042206,0_3194
vin=LE49M0CB3PL042240,0_3195
vin=LE49M0CB3PL042464,0_3196
vin=LE49M0CB4NL028313,0_3197
vin=LE49M0CB4NL028618,0_3198
vin=LE49M0CB4NL032958,0_3199
vin=LE49M0CB4NL033110,0_3200
vin=LE49M0CB4NL033284,0_3201
vin=LE49M0CB4NL033673,0_3202
vin=LE49M0CB4PL035829,0_3203
vin=LE49M0CB4PL035913,0_3204
vin=LE49M0CB4PL036124,0_3205
vin=LE49M0CB4PL036558,0_3206
vin=LE49M0CB4PL036592,0_3207
vin=LE49M0CB4PL036737,0_3208
vin=LE49M0CB4PL036821,0_3209
vin=LE49M0CB4PL036947,0_3210
vin=LE49M0CB4PL036981,0_3211
vin=LE49M0CB4PL037015,0_3212
vin=LE49M0CB4PL037029,0_3213
vin=LE49M0CB4PL037600,0_3214
vin=LE49M0CB4PL037659,0_3215
vin=LE49M0CB4PL037841,0_3216
vin=LE49M0CB4PL037922,0_3217
vin=LE49M0CB4PL038035,0_3218
vin=LE49M0CB4PL038052,0_3219
vin=LE49M0CB4PL038116,0_3220
vin=LE49M0CB4PL038178,0_3221
vin=LE49M0CB4PL038293,0_3222
vin=LE49M0CB4PL038312,0_3223
vin=LE49M0CB4PL038360,0_3224
vin=LE49M0CB4PL038553,0_3225
vin=LE49M0CB4PL038648,0_3226
vin=LE49M0CB4PL039136,0_3227
vin=LE49M0CB4PL039234,0_3228
vin=LE49M0CB4PL039251,0_3229
vin=LE49M0CB4PL039332,0_3230
vin=LE49M0CB4PL039587,0_3231
vin=LE49M0CB4PL039606,0_3232
vin=LE49M0CB4PL039668,0_3233
vin=LE49M0CB4PL039816,0_3234
vin=LE49M0CB4PL040030,0_3235
vin=LE49M0CB4PL040111,0_3236
vin=LE49M0CB4PL040223,0_3237
vin=LE49M0CB4PL040562,0_3238
vin=LE49M0CB4PL040805,0_3239
vin=LE49M0CB4PL040819,0_3240
vin=LE49M0CB4PL041078,0_3241
vin=LE49M0CB4PL041730,0_3242
vin=LE49M0CB4PL041940,0_3243
vin=LE49M0CB4PL041954,0_3244
vin=LE49M0CB4PL042117,0_3245
vin=LE49M0CB4PL042263,0_3246
vin=LE49M0CB4PL042280,0_3247
vin=LE49M0CB5NL032967,0_3248
vin=LE49M0CB5PL034916,0_3249
vin=LE49M0CB5PL035242,0_3250
vin=LE49M0CB5PL035791,0_3251
vin=LE49M0CB5PL035807,0_3252
vin=LE49M0CB5PL035998,0_3253
vin=LE49M0CB5PL036245,0_3254
vin=LE49M0CB5PL036326,0_3255
vin=LE49M0CB5PL036486,0_3256
vin=LE49M0CB5PL036682,0_3257
vin=LE49M0CB5PL036746,0_3258
vin=LE49M0CB5PL036861,0_3259
vin=LE49M0CB5PL036942,0_3260
vin=LE49M0CB5PL037010,0_3261
vin=LE49M0CB5PL037105,0_3262
vin=LE49M0CB5PL037220,0_3263
vin=LE49M0CB5PL037279,0_3264
vin=LE49M0CB5PL037394,0_3265
vin=LE49M0CB5PL037430,0_3266
vin=LE49M0CB5PL037508,0_3267
vin=LE49M0CB5PL037590,0_3268
vin=LE49M0CB5PL037623,0_3269
vin=LE49M0CB5PL037752,0_3270
vin=LE49M0CB5PL037864,0_3271
vin=LE49M0CB5PL037900,0_3272
vin=LE49M0CB5PL038089,0_3273
vin=LE49M0CB5PL038271,0_3274
vin=LE49M0CB5PL038285,0_3275
vin=LE49M0CB5PL038304,0_3276
vin=LE49M0CB5PL038352,0_3277
vin=LE49M0CB5PL038478,0_3278
vin=LE49M0CB5PL038481,0_3279
vin=LE49M0CB5PL038660,0_3280
vin=LE49M0CB5PL038710,0_3281
vin=LE49M0CB5PL038724,0_3282
vin=LE49M0CB5PL038738,0_3283
vin=LE49M0CB5PL038903,0_3284
vin=LE49M0CB5PL038979,0_3285
vin=LE49M0CB5PL039145,0_3286
vin=LE49M0CB5PL039226,0_3287
vin=LE49M0CB5PL039436,0_3288
vin=LE49M0CB5PL039470,0_3289
vin=LE49M0CB5PL039565,0_3290
vin=LE49M0CB5PL039596,0_3291
vin=LE49M0CB5PL039677,0_3292
vin=LE49M0CB5PL039887,0_3293
vin=LE49M0CB5PL040473,0_3294
vin=LE49M0CB5PL040683,0_3295
vin=LE49M0CB5PL040778,0_3296
vin=LE49M0CB5PL040800,0_3297
vin=LE49M0CB5PL041784,0_3298
vin=LE49M0CB5PL042207,0_3299
vin=LE49M0CB5PL042255,0_3300
vin=LE49M0CB5PL042465,0_3301
vin=LE49M0CB5PL042837,0_3302
vin=LE49M0CB6PL035203,0_3303
vin=LE49M0CB6PL035220,0_3304
vin=LE49M0CB6PL035671,0_3305
vin=LE49M0CB6PL036030,0_3306
vin=LE49M0CB6PL036206,0_3307
vin=LE49M0CB6PL036447,0_3308
vin=LE49M0CB6PL036478,0_3309
vin=LE49M0CB6PL036514,0_3310
vin=LE49M0CB6PL036576,0_3311
vin=LE49M0CB6PL036819,0_3312
vin=LE49M0CB6PL037002,0_3313
vin=LE49M0CB6PL037310,0_3314
vin=LE49M0CB6PL037338,0_3315
vin=LE49M0CB6PL037341,0_3316
vin=LE49M0CB6PL037405,0_3317
vin=LE49M0CB6PL037422,0_3318
vin=LE49M0CB6PL037470,0_3319
vin=LE49M0CB6PL037503,0_3320
vin=LE49M0CB6PL037520,0_3321
vin=LE49M0CB6PL037534,0_3322
vin=LE49M0CB6PL037596,0_3323
vin=LE49M0CB6PL037808,0_3324
vin=LE49M0CB6PL037842,0_3325
vin=LE49M0CB6PL037906,0_3326
vin=LE49M0CB6PL038067,0_3327
vin=LE49M0CB6PL038277,0_3328
vin=LE49M0CB6PL038523,0_3329
vin=LE49M0CB6PL038554,0_3330
vin=LE49M0CB6PL038585,0_3331
vin=LE49M0CB6PL038845,0_3332
vin=LE49M0CB6PL039008,0_3333
vin=LE49M0CB6PL039249,0_3334
vin=LE49M0CB6PL039297,0_3335
vin=LE49M0CB6PL039350,0_3336
vin=LE49M0CB6PL039378,0_3337
vin=LE49M0CB6PL039803,0_3338
vin=LE49M0CB6PL039834,0_3339
vin=LE49M0CB6PL040191,0_3340
vin=LE49M0CB6PL040210,0_3341
vin=LE49M0CB6PL040661,0_3342
vin=LE49M0CB6PL040790,0_3343
vin=LE49M0CB6PL041065,0_3344
vin=LE49M0CB7NL032954,0_3345
vin=LE49M0CB7PL035159,0_3346
vin=LE49M0CB7PL035176,0_3347
vin=LE49M0CB7PL035405,0_3348
vin=LE49M0CB7PL035453,0_3349
vin=LE49M0CB7PL035629,0_3350
vin=LE49M0CB7PL035677,0_3351
vin=LE49M0CB7PL036005,0_3352
vin=LE49M0CB7PL036229,0_3353
vin=LE49M0CB7PL036960,0_3354
vin=LE49M0CB7PL036991,0_3355
vin=LE49M0CB7PL037008,0_3356
vin=LE49M0CB7PL037042,0_3357
vin=LE49M0CB7PL037137,0_3358
vin=LE49M0CB7PL037140,0_3359
vin=LE49M0CB7PL037199,0_3360
vin=LE49M0CB7PL037221,0_3361
vin=LE49M0CB7PL037297,0_3362
vin=LE49M0CB7PL037302,0_3363
vin=LE49M0CB7PL037364,0_3364
vin=LE49M0CB7PL037414,0_3365
vin=LE49M0CB7PL037543,0_3366
vin=LE49M0CB7PL037588,0_3367
vin=LE49M0CB7PL037607,0_3368
vin=LE49M0CB7PL037784,0_3369
vin=LE49M0CB7PL037803,0_3370
vin=LE49M0CB7PL038269,0_3371
vin=LE49M0CB7PL038286,0_3372
vin=LE49M0CB7PL038367,0_3373
vin=LE49M0CB7PL038403,0_3374
vin=LE49M0CB7PL038434,0_3375
vin=LE49M0CB7PL038630,0_3376
vin=LE49M0CB7PL038742,0_3377
vin=LE49M0CB7PL038756,0_3378
vin=LE49M0CB7PL038949,0_3379
vin=LE49M0CB7PL038997,0_3380
vin=LE49M0CB7PL039048,0_3381
vin=LE49M0CB7PL039065,0_3382
vin=LE49M0CB7PL039079,0_3383
vin=LE49M0CB7PL039129,0_3384
vin=LE49M0CB7PL039275,0_3385
vin=LE49M0CB7PL039289,0_3386
vin=LE49M0CB7PL039583,0_3387
vin=LE49M0CB7PL039633,0_3388
vin=LE49M0CB7PL039910,0_3389
vin=LE49M0CB7PL040412,0_3390
vin=LE49M0CB7PL040457,0_3391
vin=LE49M0CB7PL040538,0_3392
vin=LE49M0CB7PL040751,0_3393
vin=LE49M0CB7PL040801,0_3394
vin=LE49M0CB7PL041088,0_3395
vin=LE49M0CB7PL042239,0_3396
vin=LE49M0CB8PL035509,0_3397
vin=LE49M0CB8PL035865,0_3398
vin=LE49M0CB8PL035932,0_3399
vin=LE49M0CB8PL036420,0_3400
vin=LE49M0CB8PL036563,0_3401
vin=LE49M0CB8PL036577,0_3402
vin=LE49M0CB8PL036627,0_3403
vin=LE49M0CB8PL036675,0_3404
vin=LE49M0CB8PL036787,0_3405
vin=LE49M0CB8PL036868,0_3406
vin=LE49M0CB8PL036885,0_3407
vin=LE49M0CB8PL036904,0_3408
vin=LE49M0CB8PL037051,0_3409
vin=LE49M0CB8PL037146,0_3410
vin=LE49M0CB8PL037177,0_3411
vin=LE49M0CB8PL037244,0_3412
vin=LE49M0CB8PL037289,0_3413
vin=LE49M0CB8PL037308,0_3414
vin=LE49M0CB8PL037387,0_3415
vin=LE49M0CB8PL037440,0_3416
vin=LE49M0CB8PL037549,0_3417
vin=LE49M0CB8PL037552,0_3418
vin=LE49M0CB8PL037583,0_3419
vin=LE49M0CB8PL037793,0_3420
vin=LE49M0CB8PL037888,0_3421
vin=LE49M0CB8PL037891,0_3422
vin=LE49M0CB8PL038216,0_3423
vin=LE49M0CB8PL038426,0_3424
vin=LE49M0CB8PL038457,0_3425
vin=LE49M0CB8PL038488,0_3426
vin=LE49M0CB8PL038734,0_3427
vin=LE49M0CB8PL038796,0_3428
vin=LE49M0CB8PL039494,0_3429
vin=LE49M0CB8PL039821,0_3430
vin=LE49M0CB8PL039947,0_3431
vin=LE49M0CB8PL040015,0_3432
vin=LE49M0CB8PL040029,0_3433
vin=LE49M0CB8PL040161,0_3434
vin=LE49M0CB8PL040175,0_3435
vin=LE49M0CB8PL040726,0_3436
vin=LE49M0CB8PL040919,0_3437
vin=LE49M0CB8PL042234,0_3438
vin=LE49M0CB8PL042413,0_3439
vin=LE49M0CB9NL032793,0_3440
vin=LE49M0CB9NL032955,0_3441
vin=LE49M0CB9PL034966,0_3442
vin=LE49M0CB9PL035244,0_3443
vin=LE49M0CB9PL035454,0_3444
vin=LE49M0CB9PL035535,0_3445
vin=LE49M0CB9PL035793,0_3446
vin=LE49M0CB9PL035812,0_3447
vin=LE49M0CB9PL035843,0_3448
vin=LE49M0CB9PL035941,0_3449
vin=LE49M0CB9PL036765,0_3450
vin=LE49M0CB9PL036958,0_3451
vin=LE49M0CB9PL037172,0_3452
vin=LE49M0CB9PL037186,0_3453
vin=LE49M0CB9PL037253,0_3454
vin=LE49M0CB9PL037348,0_3455
vin=LE49M0CB9PL037365,0_3456
vin=LE49M0CB9PL037446,0_3457
vin=LE49M0CB9PL037494,0_3458
vin=LE49M0CB9PL037561,0_3459
vin=LE49M0CB9PL037575,0_3460
vin=LE49M0CB9PL037639,0_3461
vin=LE49M0CB9PL037754,0_3462
vin=LE49M0CB9PL037916,0_3463
vin=LE49M0CB9PL038175,0_3464
vin=LE49M0CB9PL038502,0_3465
vin=LE49M0CB9PL038600,0_3466
vin=LE49M0CB9PL038810,0_3467
vin=LE49M0CB9PL038855,0_3468
vin=LE49M0CB9PL039259,0_3469
vin=LE49M0CB9PL039441,0_3470
vin=LE49M0CB9PL039536,0_3471
vin=LE49M0CB9PL039651,0_3472
vin=LE49M0CB9PL039763,0_3473
vin=LE49M0CB9PL040069,0_3474
vin=LE49M0CB9PL040251,0_3475
vin=LE49M0CB9PL040265,0_3476
vin=LE49M0CB9PL040489,0_3477
vin=LE49M0CB9PL040783,0_3478
vin=LE49M0CB9PL040797,0_3479
vin=LE49M0CB9PL040802,0_3480
vin=LE49M0CB9PL041111,0_3481
vin=LE49M0CB9PL041738,0_3482
vin=LE49M0CB9PL041772,0_3483
vin=LE49M0CB9PL042551,0_3484
vin=LE49M0CB9PL043036,0_3485
vin=LE49M0CBXNL033127,0_3486
vin=LE49M0CBXPL034863,0_3487
vin=LE49M0CBXPL034930,0_3488
vin=LE49M0CBXPL035284,0_3489
vin=LE49M0CBXPL035513,0_3490
vin=LE49M0CBXPL035656,0_3491
vin=LE49M0CBXPL035737,0_3492
vin=LE49M0CBXPL035947,0_3493
vin=LE49M0CBXPL035964,0_3494
vin=LE49M0CBXPL036001,0_3495
vin=LE49M0CBXPL036371,0_3496
vin=LE49M0CBXPL036516,0_3497
vin=LE49M0CBXPL036550,0_3498
vin=LE49M0CBXPL036662,0_3499
vin=LE49M0CBXPL036757,0_3500
vin=LE49M0CBXPL036967,0_3501
vin=LE49M0CBXPL036970,0_3502
vin=LE49M0CBXPL037102,0_3503
vin=LE49M0CBXPL037164,0_3504
vin=LE49M0CBXPL037231,0_3505
vin=LE49M0CBXPL037262,0_3506
vin=LE49M0CBXPL037410,0_3507
vin=LE49M0CBXPL037424,0_3508
vin=LE49M0CBXPL037441,0_3509
vin=LE49M0CBXPL037455,0_3510
vin=LE49M0CBXPL037472,0_3511
vin=LE49M0CBXPL037519,0_3512
vin=LE49M0CBXPL037598,0_3513
vin=LE49M0CBXPL037648,0_3514
vin=LE49M0CBXPL037679,0_3515
vin=LE49M0CBXPL037732,0_3516
vin=LE49M0CBXPL037780,0_3517
vin=LE49M0CBXPL037892,0_3518
vin=LE49M0CBXPL038024,0_3519
vin=LE49M0CBXPL038119,0_3520
vin=LE49M0CBXPL038136,0_3521
vin=LE49M0CBXPL038153,0_3522
vin=LE49M0CBXPL038234,0_3523
vin=LE49M0CBXPL038329,0_3524
vin=LE49M0CBXPL038461,0_3525
vin=LE49M0CBXPL038685,0_3526
vin=LE49M0CBXPL038881,0_3527
vin=LE49M0CBXPL039108,0_3528
vin=LE49M0CBXPL039237,0_3529
vin=LE49M0CBXPL039240,0_3530
vin=LE49M0CBXPL039285,0_3531
vin=LE49M0CBXPL039304,0_3532
vin=LE49M0CBXPL039352,0_3533
vin=LE49M0CBXPL039383,0_3534
vin=LE49M0CBXPL039495,0_3535
vin=LE49M0CBXPL039514,0_3536
vin=LE49M0CBXPL039531,0_3537
vin=LE49M0CBXPL039609,0_3538
vin=LE49M0CBXPL040162,0_3539
vin=LE49M0CBXPL040484,0_3540
vin=LE49M0CBXPL040601,0_3541
vin=LE49M0CBXPL040789,0_3542
vin=LE49M0CBXPL040792,0_3543
vin=LE49M0CBXPL041098,0_3544
vin=LE49M0CBXPL041117,0_3545
vin=LE49M0CBXPL042090,0_3546
vin=LE49M0CBXPL042249,0_3547
vin=LE49M1DB0NL028846,0_3548
vin=LE49M1DB0PL035508,0_3549
vin=LE49M1DB0PL036173,0_3550
vin=LE49M1DB0PL036948,0_3551
vin=LE49M1DB0PL038618,0_3552
vin=LE49M1DB1NL028872,0_3553
vin=LE49M1DB1PL035999,0_3554
vin=LE49M1DB1PL036196,0_3555
vin=LE49M1DB1PL036473,0_3556
vin=LE49M1DB1PL038689,0_3557
vin=LE49M1DB2NL029139,0_3558
vin=LE49M1DB2NL029545,0_3559
vin=LE49M1DB2NL030131,0_3560
vin=LE49M1DB2PL038846,0_3561
vin=LE49M1DB3NL028677,0_3562
vin=LE49M1DB3NL028758,0_3563
vin=LE49M1DB3PL035566,0_3564
vin=LE49M1DB3PL036054,0_3565
vin=LE49M1DB3PL036734,0_3566
vin=LE49M1DB3PL038774,0_3567
vin=LE49M1DB4NL033953,0_3568
vin=LE49M1DB4PL036080,0_3569
vin=LE49M1DB4PL037813,0_3570
vin=LE49M1DB5NL029085,0_3571
vin=LE49M1DB5NL030124,0_3572
vin=LE49M1DB5NL031614,0_3573
vin=LE49M1DB6NL033615,0_3574
vin=LE49M1DB6PL036002,0_3575
vin=LE49M1DB7NL032263,0_3576
vin=LE49M1DB7PL035683,0_3577
vin=LE49M1DB8NL030943,0_3578
vin=LE49M1DB8PL035868,0_3579
vin=LE49M1DB8PL036633,0_3580
vin=LE49M1DB9NL022155,0_3581
vin=LE49M1DB9NL032782,0_3582
vin=LE49M1DB9PL035488,0_3583
vin=LE49M1DB9PL035703,0_3584
vin=LE49M1DB9PL036172,0_3585
vin=LE49M1DB9PL036575,0_3586
vin=LE49M1DBXPL036780,0_3587
vin=LE49M1DBXRL041173,0_3588
vin=LE49N0CB0NL033179,0_3589
vin=LE49N0CB0NL033618,0_3590
vin=LE49N0CB0PL034755,0_3591
vin=LE49N0CB0PL034769,0_3592
vin=LE49N0CB0PL034819,0_3593
vin=LE49N0CB0PL034822,0_3594
vin=LE49N0CB0PL034898,0_3595
vin=LE49N0CB0PL035114,0_3596
vin=LE49N0CB0PL035131,0_3597
vin=LE49N0CB0PL035419,0_3598
vin=LE49N0CB0PL035565,0_3599
vin=LE49N0CB0PL035694,0_3600
vin=LE49N0CB0PL035940,0_3601
vin=LE49N0CB0PL037817,0_3602
vin=LE49N0CB0PL037851,0_3603
vin=LE49N0CB0PL038420,0_3604
vin=LE49N0CB0PL039700,0_3605
vin=LE49N0CB0PL039714,0_3606
vin=LE49N0CB0PL039793,0_3607
vin=LE49N0CB0PL039969,0_3608
vin=LE49N0CB0PL040569,0_3609
vin=LE49N0CB0PL040619,0_3610
vin=LE49N0CB0PL040720,0_3611
vin=LE49N0CB0PL040863,0_3612
vin=LE49N0CB0PL040877,0_3613
vin=LE49N0CB0PL041026,0_3614
vin=LE49N0CB0PL041320,0_3615
vin=LE49N0CB0PL041382,0_3616
vin=LE49N0CB0PL041463,0_3617
vin=LE49N0CB0PL041706,0_3618
vin=LE49N0CB0PL042466,0_3619
vin=LE49N0CB1NL029710,0_3620
vin=LE49N0CB1NL031277,0_3621
vin=LE49N0CB1NL032574,0_3622
vin=LE49N0CB1PL034747,0_3623
vin=LE49N0CB1PL034781,0_3624
vin=LE49N0CB1PL034912,0_3625
vin=LE49N0CB1PL035171,0_3626
vin=LE49N0CB1PL035476,0_3627
vin=LE49N0CB1PL035493,0_3628
vin=LE49N0CB1PL035669,0_3629
vin=LE49N0CB1PL035977,0_3630
vin=LE49N0CB1PL036014,0_3631
vin=LE49N0CB1PL036093,0_3632
vin=LE49N0CB1PL038118,0_3633
vin=LE49N0CB1PL038202,0_3634
vin=LE49N0CB1PL038264,0_3635
vin=LE49N0CB1PL038698,0_3636
vin=LE49N0CB1PL039107,0_3637
vin=LE49N0CB1PL039124,0_3638
vin=LE49N0CB1PL039690,0_3639
vin=LE49N0CB1PL040208,0_3640
vin=LE49N0CB1PL040290,0_3641
vin=LE49N0CB1PL040435,0_3642
vin=LE49N0CB1PL040497,0_3643
vin=LE49N0CB1PL040614,0_3644
vin=LE49N0CB1PL041293,0_3645
vin=LE49N0CB1PL041410,0_3646
vin=LE49N0CB1PL041438,0_3647
vin=LE49N0CB1PL041505,0_3648
vin=LE49N0CB1PL041844,0_3649
vin=LE49N0CB1PL042458,0_3650
vin=LE49N0CB1PL042508,0_3651
vin=LE49N0CB2NL030042,0_3652
vin=LE49N0CB2NL032602,0_3653
vin=LE49N0CB2NL033605,0_3654
vin=LE49N0CB2PL034742,0_3655
vin=LE49N0CB2PL034773,0_3656
vin=LE49N0CB2PL034837,0_3657
vin=LE49N0CB2PL034952,0_3658
vin=LE49N0CB2PL035020,0_3659
vin=LE49N0CB2PL035079,0_3660
vin=LE49N0CB2PL035082,0_3661
vin=LE49N0CB2PL035129,0_3662
vin=LE49N0CB2PL035146,0_3663
vin=LE49N0CB2PL035177,0_3664
vin=LE49N0CB2PL035387,0_3665
vin=LE49N0CB2PL035602,0_3666
vin=LE49N0CB2PL035650,0_3667
vin=LE49N0CB2PL035714,0_3668
vin=LE49N0CB2PL037396,0_3669
vin=LE49N0CB2PL037852,0_3670
vin=LE49N0CB2PL037964,0_3671
vin=LE49N0CB2PL038032,0_3672
vin=LE49N0CB2PL038130,0_3673
vin=LE49N0CB2PL038144,0_3674
vin=LE49N0CB2PL038838,0_3675
vin=LE49N0CB2PL039004,0_3676
vin=LE49N0CB2PL039374,0_3677
vin=LE49N0CB2PL039858,0_3678
vin=LE49N0CB2PL039942,0_3679
vin=LE49N0CB2PL040167,0_3680
vin=LE49N0CB2PL040637,0_3681
vin=LE49N0CB2PL040685,0_3682
vin=LE49N0CB2PL041044,0_3683
vin=LE49N0CB2PL041223,0_3684
vin=LE49N0CB2PL041285,0_3685
vin=LE49N0CB2PL041478,0_3686
vin=LE49N0CB2PL041710,0_3687
vin=LE49N0CB2PL041996,0_3688
vin=LE49N0CB2PL042002,0_3689
vin=LE49N0CB2PL042159,0_3690
vin=LE49N0CB2PL042419,0_3691
vin=LE49N0CB3NL030521,0_3692
vin=LE49N0CB3NL033211,0_3693
vin=LE49N0CB3NL033662,0_3694
vin=LE49N0CB3PL034765,0_3695
vin=LE49N0CB3PL034846,0_3696
vin=LE49N0CB3PL034913,0_3697
vin=LE49N0CB3PL034958,0_3698
vin=LE49N0CB3PL035026,0_3699
vin=LE49N0CB3PL035043,0_3700
vin=LE49N0CB3PL035057,0_3701
vin=LE49N0CB3PL035091,0_3702
vin=LE49N0CB3PL035172,0_3703
vin=LE49N0CB3PL035253,0_3704
vin=LE49N0CB3PL035480,0_3705
vin=LE49N0CB3PL035687,0_3706
vin=LE49N0CB3PL036581,0_3707
vin=LE49N0CB3PL036774,0_3708
vin=LE49N0CB3PL036788,0_3709
vin=LE49N0CB3PL037696,0_3710
vin=LE49N0CB3PL038301,0_3711
vin=LE49N0CB3PL038850,0_3712
vin=LE49N0CB3PL038993,0_3713
vin=LE49N0CB3PL039772,0_3714
vin=LE49N0CB3PL039786,0_3715
vin=LE49N0CB3PL040100,0_3716
vin=LE49N0CB3PL040310,0_3717
vin=LE49N0CB3PL040579,0_3718
vin=LE49N0CB3PL040596,0_3719
vin=LE49N0CB3PL040694,0_3720
vin=LE49N0CB3PL040808,0_3721
vin=LE49N0CB3PL040811,0_3722
vin=LE49N0CB3PL041358,0_3723
vin=LE49N0CB3PL041389,0_3724
vin=LE49N0CB3PL041392,0_3725
vin=LE49N0CB3PL041747,0_3726
vin=LE49N0CB3PL041800,0_3727
vin=LE49N0CB4NL032519,0_3728
vin=LE49N0CB4NL033038,0_3729
vin=LE49N0CB4NL033749,0_3730
vin=LE49N0CB4NL033783,0_3731
vin=LE49N0CB4NL033945,0_3732
vin=LE49N0CB4PL034838,0_3733
vin=LE49N0CB4PL034953,0_3734
vin=LE49N0CB4PL035102,0_3735
vin=LE49N0CB4PL035116,0_3736
vin=LE49N0CB4PL035214,0_3737
vin=LE49N0CB4PL035438,0_3738
vin=LE49N0CB4PL035567,0_3739
vin=LE49N0CB4PL035634,0_3740
vin=LE49N0CB4PL035729,0_3741
vin=LE49N0CB4PL035746,0_3742
vin=LE49N0CB4PL036086,0_3743
vin=LE49N0CB4PL037383,0_3744
vin=LE49N0CB4PL038095,0_3745
vin=LE49N0CB4PL038131,0_3746
vin=LE49N0CB4PL038405,0_3747
vin=LE49N0CB4PL038517,0_3748
vin=LE49N0CB4PL038551,0_3749
vin=LE49N0CB4PL038775,0_3750
vin=LE49N0CB4PL038890,0_3751
vin=LE49N0CB4PL038940,0_3752
vin=LE49N0CB4PL039134,0_3753
vin=LE49N0CB4PL039201,0_3754
vin=LE49N0CB4PL039764,0_3755
vin=LE49N0CB4PL039912,0_3756
vin=LE49N0CB4PL040042,0_3757
vin=LE49N0CB4PL040624,0_3758
vin=LE49N0CB4PL040736,0_3759
vin=LE49N0CB4PL040820,0_3760
vin=LE49N0CB4PL040848,0_3761
vin=LE49N0CB4PL041224,0_3762
vin=LE49N0CB4PL041241,0_3763
vin=LE49N0CB4PL041269,0_3764
vin=LE49N0CB4PL042468,0_3765
vin=LE49N0CB5NL028902,0_3766
vin=LE49N0CB5NL029399,0_3767
vin=LE49N0CB5NL033985,0_3768
vin=LE49N0CB5PL035061,0_3769
vin=LE49N0CB5PL035139,0_3770
vin=LE49N0CB5PL035237,0_3771
vin=LE49N0CB5PL035416,0_3772
vin=LE49N0CB5PL035643,0_3773
vin=LE49N0CB5PL035674,0_3774
vin=LE49N0CB5PL035853,0_3775
vin=LE49N0CB5PL036324,0_3776
vin=LE49N0CB5PL036615,0_3777
vin=LE49N0CB5PL037375,0_3778
vin=LE49N0CB5PL037666,0_3779
vin=LE49N0CB5PL037988,0_3780
vin=LE49N0CB5PL038123,0_3781
vin=LE49N0CB5PL038171,0_3782
vin=LE49N0CB5PL038266,0_3783
vin=LE49N0CB5PL038297,0_3784
vin=LE49N0CB5PL038610,0_3785
vin=LE49N0CB5PL038686,0_3786
vin=LE49N0CB5PL038705,0_3787
vin=LE49N0CB5PL039207,0_3788
vin=LE49N0CB5PL039434,0_3789
vin=LE49N0CB5PL039966,0_3790
vin=LE49N0CB5PL040275,0_3791
vin=LE49N0CB5PL040292,0_3792
vin=LE49N0CB5PL040325,0_3793
vin=LE49N0CB5PL040390,0_3794
vin=LE49N0CB5PL040518,0_3795
vin=LE49N0CB5PL040549,0_3796
vin=LE49N0CB5PL040566,0_3797
vin=LE49N0CB5PL040857,0_3798
vin=LE49N0CB5PL040938,0_3799
vin=LE49N0CB5PL041278,0_3800
vin=LE49N0CB5PL041362,0_3801
vin=LE49N0CB5PL041443,0_3802
vin=LE49N0CB5PL041488,0_3803
vin=LE49N0CB5PL041605,0_3804
vin=LE49N0CB5PL041748,0_3805
vin=LE49N0CB5PL041989,0_3806
vin=LE49N0CB5PL042172,0_3807
vin=LE49N0CB5PL042186,0_3808
vin=LE49N0CB6NL032618,0_3809
vin=LE49N0CB6NL032635,0_3810
vin=LE49N0CB6NL033025,0_3811
vin=LE49N0CB6NL033638,0_3812
vin=LE49N0CB6PL034758,0_3813
vin=LE49N0CB6PL034792,0_3814
vin=LE49N0CB6PL034839,0_3815
vin=LE49N0CB6PL034873,0_3816
vin=LE49N0CB6PL034968,0_3817
vin=LE49N0CB6PL034985,0_3818
vin=LE49N0CB6PL035036,0_3819
vin=LE49N0CB6PL035053,0_3820
vin=LE49N0CB6PL035084,0_3821
vin=LE49N0CB6PL035182,0_3822
vin=LE49N0CB6PL035215,0_3823
vin=LE49N0CB6PL035344,0_3824
vin=LE49N0CB6PL035361,0_3825
vin=LE49N0CB6PL035490,0_3826
vin=LE49N0CB6PL035554,0_3827
vin=LE49N0CB6PL035652,0_3828
vin=LE49N0CB6PL036025,0_3829
vin=LE49N0CB6PL036445,0_3830
vin=LE49N0CB6PL036462,0_3831
vin=LE49N0CB6PL037367,0_3832
vin=LE49N0CB6PL037899,0_3833
vin=LE49N0CB6PL037918,0_3834
vin=LE49N0CB6PL037921,0_3835
vin=LE49N0CB6PL037997,0_3836
vin=LE49N0CB6PL038325,0_3837
vin=LE49N0CB6PL038468,0_3838
vin=LE49N0CB6PL038471,0_3839
vin=LE49N0CB6PL038633,0_3840
vin=LE49N0CB6PL038776,0_3841
vin=LE49N0CB6PL038907,0_3842
vin=LE49N0CB6PL038969,0_3843
vin=LE49N0CB6PL039068,0_3844
vin=LE49N0CB6PL039071,0_3845
vin=LE49N0CB6PL039247,0_3846
vin=LE49N0CB6PL039328,0_3847
vin=LE49N0CB6PL039992,0_3848
vin=LE49N0CB6PL040043,0_3849
vin=LE49N0CB6PL040379,0_3850
vin=LE49N0CB6PL040513,0_3851
vin=LE49N0CB6PL040611,0_3852
vin=LE49N0CB6PL040981,0_3853
vin=LE49N0CB6PL041287,0_3854
vin=LE49N0CB6PL041337,0_3855
vin=LE49N0CB6PL041435,0_3856
vin=LE49N0CB6PL041581,0_3857
vin=LE49N0CB6PL041676,0_3858
vin=LE49N0CB6PL041743,0_3859
vin=LE49N0CB6PL042195,0_3860
vin=LE49N0CB7NL033762,0_3861
vin=LE49N0CB7NL033874,0_3862
vin=LE49N0CB7PL034817,0_3863
vin=LE49N0CB7PL035028,0_3864
vin=LE49N0CB7PL035062,0_3865
vin=LE49N0CB7PL035109,0_3866
vin=LE49N0CB7PL035157,0_3867
vin=LE49N0CB7PL035174,0_3868
vin=LE49N0CB7PL035272,0_3869
vin=LE49N0CB7PL035322,0_3870
vin=LE49N0CB7PL035398,0_3871
vin=LE49N0CB7PL035952,0_3872
vin=LE49N0CB7PL036583,0_3873
vin=LE49N0CB7PL038396,0_3874
vin=LE49N0CB7PL038673,0_3875
vin=LE49N0CB7PL038723,0_3876
vin=LE49N0CB7PL038737,0_3877
vin=LE49N0CB7PL038785,0_3878
vin=LE49N0CB7PL038916,0_3879
vin=LE49N0CB7PL038947,0_3880
vin=LE49N0CB7PL039273,0_3881
vin=LE49N0CB7PL040181,0_3882
vin=LE49N0CB7PL040309,0_3883
vin=LE49N0CB7PL040651,0_3884
vin=LE49N0CB7PL041332,0_3885
vin=LE49N0CB7PL041377,0_3886
vin=LE49N0CB7PL042514,0_3887
vin=LE49N0CB8NL026089,0_3888
vin=LE49N0CB8NL032474,0_3889
vin=LE49N0CB8NL033379,0_3890
vin=LE49N0CB8NL033480,0_3891
vin=LE49N0CB8PL034860,0_3892
vin=LE49N0CB8PL034888,0_3893
vin=LE49N0CB8PL034924,0_3894
vin=LE49N0CB8PL034969,0_3895
vin=LE49N0CB8PL034986,0_3896
vin=LE49N0CB8PL035099,0_3897
vin=LE49N0CB8PL035264,0_3898
vin=LE49N0CB8PL035281,0_3899
vin=LE49N0CB8PL035457,0_3900
vin=LE49N0CB8PL035670,0_3901
vin=LE49N0CB8PL035734,0_3902
vin=LE49N0CB8PL035832,0_3903
vin=LE49N0CB8PL036477,0_3904
vin=LE49N0CB8PL036608,0_3905
vin=LE49N0CB8PL036639,0_3906
vin=LE49N0CB8PL037418,0_3907
vin=LE49N0CB8PL037497,0_3908
vin=LE49N0CB8PL037578,0_3909
vin=LE49N0CB8PL037810,0_3910
vin=LE49N0CB8PL038472,0_3911
vin=LE49N0CB8PL039119,0_3912
vin=LE49N0CB8PL039296,0_3913
vin=LE49N0CB8PL040089,0_3914
vin=LE49N0CB8PL040691,0_3915
vin=LE49N0CB8PL040934,0_3916
vin=LE49N0CB8PL041131,0_3917
vin=LE49N0CB8PL041212,0_3918
vin=LE49N0CB8PL041307,0_3919
vin=LE49N0CB8PL041355,0_3920
vin=LE49N0CB8PL041405,0_3921
vin=LE49N0CB8PL041470,0_3922
vin=LE49N0CB8PL041520,0_3923
vin=LE49N0CB8PL041551,0_3924
vin=LE49N0CB8PL041873,0_3925
vin=LE49N0CB8PL042392,0_3926
vin=LE49N0CB9NL026022,0_3927
vin=LE49N0CB9NL031656,0_3928
vin=LE49N0CB9NL032483,0_3929
vin=LE49N0CB9NL033679,0_3930
vin=LE49N0CB9NL033682,0_3931
vin=LE49N0CB9NL033942,0_3932
vin=LE49N0CB9PL034740,0_3933
vin=LE49N0CB9PL034866,0_3934
vin=LE49N0CB9PL034947,0_3935
vin=LE49N0CB9PL035001,0_3936
vin=LE49N0CB9PL035032,0_3937
vin=LE49N0CB9PL035239,0_3938
vin=LE49N0CB9PL035354,0_3939
vin=LE49N0CB9PL035547,0_3940
vin=LE49N0CB9PL035578,0_3941
vin=LE49N0CB9PL036083,0_3942
vin=LE49N0CB9PL036374,0_3943
vin=LE49N0CB9PL036472,0_3944
vin=LE49N0CB9PL036570,0_3945
vin=LE49N0CB9PL036875,0_3946
vin=LE49N0CB9PL039310,0_3947
vin=LE49N0CB9PL039338,0_3948
vin=LE49N0CB9PL039775,0_3949
vin=LE49N0CB9PL040361,0_3950
vin=LE49N0CB9PL040487,0_3951
vin=LE49N0CB9PL040537,0_3952
vin=LE49N0CB9PL040585,0_3953
vin=LE49N0CB9PL040666,0_3954
vin=LE49N0CB9PL040926,0_3955
vin=LE49N0CB9PL041008,0_3956
vin=LE49N0CB9PL041204,0_3957
vin=LE49N0CB9PL041400,0_3958
vin=LE49N0CB9PL041543,0_3959
vin=LE49N0CB9PL041686,0_3960
vin=LE49N0CB9PL041817,0_3961
vin=LE49N0CB9PL041820,0_3962
vin=LE49N0CB9PL041896,0_3963
vin=LE49N0CB9PL042014,0_3964
vin=LE49N0CB9PL042160,0_3965
vin=LE49N0CBXNL032508,0_3966
vin=LE49N0CBXNL032928,0_3967
vin=LE49N0CBXPL035024,0_3968
vin=LE49N0CBXPL035041,0_3969
vin=LE49N0CBXPL035055,0_3970
vin=LE49N0CBXPL035069,0_3971
vin=LE49N0CBXPL035136,0_3972
vin=LE49N0CBXPL035217,0_3973
vin=LE49N0CBXPL035511,0_3974
vin=LE49N0CBXPL035590,0_3975
vin=LE49N0CBXPL035749,0_3976
vin=LE49N0CBXPL037307,0_3977
vin=LE49N0CBXPL037744,0_3978
vin=LE49N0CBXPL038375,0_3979
vin=LE49N0CBXPL038716,0_3980
vin=LE49N0CBXPL039185,0_3981
vin=LE49N0CBXPL039848,0_3982
vin=LE49N0CBXPL039932,0_3983
vin=LE49N0CBXPL040370,0_3984
vin=LE49N0CBXPL040577,0_3985
vin=LE49N0CBXPL040658,0_3986
vin=LE49N0CBXPL040871,0_3987
vin=LE49N0CBXPL041020,0_3988
vin=LE49N0CBXPL041227,0_3989
vin=LE49N0CBXPL041289,0_3990
vin=LE49N0CBXPL041339,0_3991
vin=LE49N0CBXPL041373,0_3992
vin=LE49N0CBXPL041423,0_3993
vin=LE49N0CBXPL041499,0_3994
vin=LE49N0CBXPL041809,0_3995
vin=LE49N0CBXPL042507,0_3996
vin=LE49N0KB9NL021520,0_3997
